{
 "dt":0.005,
 "height":[0.2,
0.199877,
0.19951,
0.198896,
0.198038,
0.196934,
0.195586,
0.193991,
0.192152,
0.190067,
0.187738,
0.185162,
0.182342,
0.179276,
0.175966,
0.172409,
0.168608,
0.164561,
0.16027,
0.155732,
0.15095,
0.145922,
0.14065,
0.135131,
0.129368,
0.123359,
0.117106,
0.110606,
0.103862,
0.0968724,
0.0896375,
0.0821574,
0.074432,
0.0664614,
0.0582455,
0.0497844,
0.041078,
0.0321264,
0.0230914,
0.0223882,
0.0287442,
0.0348954,
0.0408013,
0.0464621,
0.0518775,
0.0570477,
0.0619727,
0.0666524,
0.0710869,
0.0752761,
0.07922,
0.0829188,
0.0863722,
0.0895804,
0.0925434,
0.0952611,
0.0977336,
0.0999608,
0.101943,
0.103679,
0.105171,
0.106417,
0.107418,
0.108174,
0.108684,
0.108949,
0.108969,
0.108744,
0.108274,
0.107558,
0.106597,
0.105391,
0.103939,
0.102242,
0.1003,
0.0981129,
0.0956803,
0.0930025,
0.0900795,
0.0869112,
0.0834977,
0.0798389,
0.0759348,
0.0717856,
0.067391,
0.0627512,
0.0578662,
0.0527359,
0.0473604,
0.0417396,
0.0358735,
0.0297623,
0.023546,
0.0232534,
0.0276533,
0.0318282,
0.0357578,
0.0394422,
0.0428813,
0.0460752,
0.0490239,
0.0517273,
0.0541854,
0.0563983,
0.0583659,
0.0600883,
0.0615654,
0.0627973,
0.063784,
0.0645254,
0.0650215,
0.0652724,
0.065278,
0.0650384,
0.0645536,
0.0638234,
0.0628481,
0.0616275,
0.0601616,
0.0584505,
0.0564941,
0.0542925,
0.0518457,
0.0491535,
0.0462162,
0.0430336,
0.0396057,
0.0359326,
0.0320142,
0.0278506,
0.0236615,
0.0240482,
0.0270742,
0.0298468,
0.0323742,
0.0346563,
0.0366932,
0.0384848,
0.0400312,
0.0413323,
0.0423881,
0.0431988,
0.0437641,
0.0440843,
0.0441591,
0.0439887,
0.0435731,
0.0429122,
0.0420061,
0.0408547,
0.0394581,
0.0378162,
0.0359291,
0.0337967,
0.0314191,
0.0287962,
0.0259281,
0.0236348,
0.0250547,
0.0270201,
0.0287403,
0.0302151,
0.0314448,
0.0324292,
0.0331683,
0.0336622,
0.0339108,
0.0339142,
0.0336724,
0.0331853,
0.0324529,
0.0314753,
0.0302524,
0.0287843,
0.027071,
0.0251123,
0.0240841,
0.0253528,
0.0265844,
0.0275707,
0.0283117]
}
